PublisherId,PublisherName,ContactNumber
1,Lee LLC,0983198238
2,Walters LLC,0976381520
3,Flores-Murphy,0912837492
4,"Mills, Holt and Harris",0947263801
5,"Lucero, Frederick and Armstrong",0958276341
6,Hawkins Group,0987562931
7,"Jones, Austin and Middleton",0963458721
8,Peterson-Baird,0934568201
9,Miranda-Carroll,0998754321
10,Brown-Bates,0983198247
11,Bennett LLC,0983198248
12,"Willis, Smith and Stevens",0983198249
13,Johnson-Sullivan,0983198250
14,Turner-Murray,0983198251
15,Johnson and Sons,0912647835
16,"Valdez, Martinez and Coleman",0983198253
17,Irwin-Skinner,0995863721
18,Hess LLC,0983198255
19,Stevenson-Pena,0983198256
20,"Mckinney, Smith and Booker",0983198257
